gopro_uid,tx_world_gopro,ty_world_gopro,tz_world_gopro,qx_world_gopro,qy_world_gopro,qz_world_gopro,qw_world_gopro,image_width,image_height,intrinsics_0,intrinsics_1,intrinsics_2,intrinsics_3,intrinsics_4,intrinsics_5,intrinsics_6,intrinsics_7
cam01,-1.750602,-3.240968,0.553091,-0.715392857,-0.197757536,0.172921860,0.647458915,3840,2160,1775.803466797,1775.803466797,1920.000000000,1080.000000000,0.032639414,0.066838823,-0.065338001,0.022063816
cam02,-3.001478,-2.051878,0.546520,-0.424455583,0.670254067,-0.506902394,0.337115568,3840,2160,1727.159545898,1727.159545898,1920.000000000,1080.000000000,0.032639414,0.066838823,-0.065338008,0.022063816
cam03,-1.489782,-0.093007,0.649909,-0.127529924,-0.729972651,0.664450821,0.096856360,3840,2160,1744.365844727,1744.365844727,1920.000000000,1080.000000000,0.032639414,0.066838816,-0.065338008,0.022063820
cam04,-0.370918,-1.360077,0.631241,-0.448811601,-0.620837403,0.544836953,0.341001116,3840,2160,1753.604492188,1753.604492188,1920.000000000,1080.000000000,0.032639407,0.066838823,-0.065338008,0.022063820
